symbol,current_price,fund_score,fund_max,tech_score,tech_max,final_score,recommendation,tradingview,fundamental_meta,technical_meta
COALINDIA.NS,434.1,4.0,5,4.0,5,0.8,Buy,https://in.tradingview.com/symbols/NSE:COALINDIA/,"{'pe': 8.959752, 'de_ratio': 12.976, 'roe': None}","{'price': 434.1000061035156, 's50': 438.26729675292967, 's200': 391.57055923461917, 'rsi': 43.328238748852016, 'macd_hist': -2.279251804631695}"
HINDALCO.NS,992.1,3.5,5,4.5,5,0.78,Buy,https://in.tradingview.com/symbols/NSE:HINDALCO/,"{'pe': 13.718197, 'de_ratio': 57.571, 'roe': None}","{'price': 992.0999755859375, 's50': 933.0850024414062, 's200': 814.0717584228515, 'rsi': 65.09423968700321, 'macd_hist': 12.44016029359273}"
HEROMOTOCO.NS,5466.5,3.0,5,4.5,5,0.72,Buy,https://in.tradingview.com/symbols/NSE:HEROMOTOCO/,"{'pe': 20.120358, 'de_ratio': 3.395, 'roe': None}","{'price': 5466.5, 's50': 5441.26814453125, 's200': 5238.898720703125, 'rsi': 55.471107301228194, 'macd_hist': 33.59819897771918}"
ONGC.NS,286.5,3.0,5,4.5,5,0.72,Buy,https://in.tradingview.com/symbols/NSE:ONGC/,"{'pe': 9.477341, 'de_ratio': 43.805, 'roe': None}","{'price': 286.5, 's50': 270.91178527832034, 's200': 241.71033073425292, 'rsi': 61.84321998723134, 'macd_hist': 1.0731631096979637}"
SBIN.NS,1066.7,3.0,5,4.5,5,0.72,Buy,https://in.tradingview.com/symbols/NSE:SBIN/,"{'pe': 11.614765, 'de_ratio': None, 'roe': None}","{'price': 1066.699951171875, 's50': 1107.1849938964845, 's200': 946.4622485351563, 'rsi': 50.161523050664584, 'macd_hist': 5.101503737982615}"
AXISBANK.NS,1350.8,2.5,5,4.5,5,0.66,Hold,https://in.tradingview.com/symbols/NSE:AXISBANK/,"{'pe': 16.025627, 'de_ratio': None, 'roe': 0.13625}","{'price': 1350.800048828125, 's50': 1303.3340014648438, 's200': 1214.9430682373047, 'rsi': 62.05114457164623, 'macd_hist': 20.3158381748061}"
BPCL.NS,299.35,3.5,5,2.5,5,0.62,Hold,https://in.tradingview.com/symbols/NSE:BPCL/,"{'pe': 5.1979513, 'de_ratio': 56.386, 'roe': None}","{'price': 299.3500061035156, 's50': 338.925732421875, 's200': 331.4731135559082, 'rsi': 44.791783597979745, 'macd_hist': 4.004735357754861}"
IOC.NS,142.96,3.5,5,2.5,5,0.62,Hold,https://in.tradingview.com/symbols/NSE:IOC/,"{'pe': 5.506934, 'de_ratio': 72.631, 'roe': None}","{'price': 142.9600067138672, 's50': 159.91186431884765, 's200': 150.65655921936036, 'rsi': 43.20064551659672, 'macd_hist': 1.0849026508765771}"
HCLTECH.NS,1451.2,4.0,5,1.5,5,0.6,Hold,https://in.tradingview.com/symbols/NSE:HCLTECH/,"{'pe': 23.923508, 'de_ratio': 9.747, 'roe': 0.23188}","{'price': 1451.199951171875, 's50': 1451.5439916992189, 's200': 1522.5665289306642, 'rsi': 59.154677949042004, 'macd_hist': 19.43524844628793}"
TCS.NS,2524.3,4.0,5,1.5,5,0.6,Hold,https://in.tradingview.com/symbols/NSE:TCS/,"{'pe': 18.552845, 'de_ratio': 10.389, 'roe': 0.48395002}","{'price': 2524.300048828125, 's50': 2660.477998046875, 's200': 2978.2700854492186, 'rsi': 50.33907040880529, 'macd_hist': 36.63572749891816}"
EICHERMOT.NS,7424.0,2.0,5,4.5,5,0.6,Sell,https://in.tradingview.com/symbols/NSE:EICHERMOT/,"{'pe': 38.02305, 'de_ratio': 2.018, 'roe': None}","{'price': 7424.0, 's50': 7320.07, 's200': 6764.764685058593, 'rsi': 57.66611579191917, 'macd_hist': 79.22250722617164}"
NESTLEIND.NS,1249.3,2.0,5,4.5,5,0.6,Sell,https://in.tradingview.com/symbols/NSE:NESTLEIND/,"{'pe': 74.054535, 'de_ratio': 10.753, 'roe': None}","{'price': 1249.300048828125, 's50': 1255.8408276367188, 's200': 1225.226611328125, 'rsi': 57.276329537641615, 'macd_hist': 8.988548618916997}"
WIPRO.NS,204.88,4.0,5,1.5,5,0.6,Hold,https://in.tradingview.com/symbols/NSE:WIPRO/,"{'pe': 16.234549, 'de_ratio': 22.031, 'roe': 0.15195}","{'price': 204.8800048828125, 's50': 208.37720001220703, 's200': 236.16863098144532, 'rsi': 56.82134303716563, 'macd_hist': 2.827856768206921}"
INFY.NS,1292.5,4.0,5,1.5,5,0.6,Hold,https://in.tradingview.com/symbols/NSE:INFY/,"{'pe': 18.18118, 'de_ratio': 10.531, 'roe': 0.32683}","{'price': 1292.5, 's50': 1368.4319995117187, 's200': 1490.4692016601562, 'rsi': 46.242192431056296, 'macd_hist': 13.883822224751135}"
POWERGRID.NS,302.75,2.0,5,4.0,5,0.56,Sell,https://in.tradingview.com/symbols/NSE:POWERGRID/,"{'pe': 19.4195, 'de_ratio': 141.186, 'roe': None}","{'price': 302.75, 's50': 292.650634765625, 's200': 278.64217948913574, 'rsi': 59.66795114328156, 'macd_hist': -0.1633924402871234}"
SBILIFE.NS,1923.2,1.5,5,4.5,5,0.54,Sell,https://in.tradingview.com/symbols/NSE:SBILIFE/,"{'pe': 78.11535, 'de_ratio': None, 'roe': 0.13921}","{'price': 1923.199951171875, 's50': 1961.3837426757811, 's200': 1917.5090032958985, 'rsi': 53.361352167042384, 'macd_hist': 13.597184865100147}"
TATASTEEL.NS,206.61,1.5,5,4.5,5,0.54,Sell,https://in.tradingview.com/symbols/NSE:TATASTEEL/,"{'pe': 28.07201, 'de_ratio': 99.699, 'roe': None}","{'price': 206.61000061035156, 's50': 199.23579956054687, 's200': 176.67504959106446, 'rsi': 60.167451773385, 'macd_hist': 1.7334873731954872}"
BAJAJ-AUTO.NS,9813.5,1.5,5,4.5,5,0.54,Sell,https://in.tradingview.com/symbols/NSE:BAJAJ-AUTO/,"{'pe': 30.863947, 'de_ratio': 57.257, 'roe': None}","{'price': 9813.5, 's50': 9464.93, 's200': 8997.95, 'rsi': 62.04854324499586, 'macd_hist': 107.08740236770169}"
ICICIBANK.NS,1321.9,3.0,5,1.5,5,0.48,Hold,https://in.tradingview.com/symbols/NSE:ICICIBANK/,"{'pe': 18.051344, 'de_ratio': None, 'roe': 0.16798}","{'price': 1321.9000244140625, 's50': 1332.1580029296874, 's200': 1380.646666870117, 'rsi': 56.677535021462226, 'macd_hist': 12.779293745157833}"
JSWSTEEL.NS,1214.8,1.0,5,4.5,5,0.48,Sell,https://in.tradingview.com/symbols/NSE:JSWSTEEL/,"{'pe': 39.842575, 'de_ratio': 118.74, 'roe': None}","{'price': 1214.800048828125, 's50': 1204.7699975585938, 's200': 1133.2831115722656, 'rsi': 57.166656143146604, 'macd_hist': 10.612807251871638}"
TITAN.NS,4505.0,1.0,5,4.5,5,0.48,Sell,https://in.tradingview.com/symbols/NSE:TITAN/,"{'pe': 84.03283, 'de_ratio': 223.018, 'roe': None}","{'price': 4505.0, 's50': 4163.548017578125, 's200': 3815.2899975585938, 'rsi': 65.7602565636626, 'macd_hist': 58.02205669935634}"
LT.NS,3959.9,1.0,5,4.5,5,0.48,Sell,https://in.tradingview.com/symbols/NSE:LT/,"{'pe': 30.985132, 'de_ratio': 111.847, 'roe': None}","{'price': 3959.89990234375, 's50': 3914.00400390625, 's200': 3818.396004638672, 'rsi': 57.75020055695464, 'macd_hist': 67.4651332747348}"
RELIANCE.NS,1350.2,3.0,5,1.0,5,0.44,Sell,https://in.tradingview.com/symbols/NSE:RELIANCE/,"{'pe': 21.979488, 'de_ratio': 35.651, 'roe': None}","{'price': 1350.199951171875, 's50': 1399.2100024414062, 's200': 1443.0122479248048, 'rsi': 45.30704796650948, 'macd_hist': -2.966714928729367}"
NTPC.NS,380.15,1.0,5,4.0,5,0.44,Sell,https://in.tradingview.com/symbols/NSE:NTPC/,"{'pe': 21.04928, 'de_ratio': 118.127, 'roe': None}","{'price': 380.1499938964844, 's50': 370.9148779296875, 's200': 339.54515045166016, 'rsi': 56.08289505329946, 'macd_hist': -0.12249693206760282}"
ASIANPAINT.NS,2360.7,2.0,5,2.5,5,0.44,Sell,https://in.tradingview.com/symbols/NSE:ASIANPAINT/,"{'pe': 58.826313, 'de_ratio': 17.609, 'roe': None}","{'price': 2360.699951171875, 's50': 2325.3739990234376, 's200': 2514.738151855469, 'rsi': 58.15672305548327, 'macd_hist': 24.448447707601524}"
ADANIENT.NS,2086.8,2.0,5,2.5,5,0.44,Sell,https://in.tradingview.com/symbols/NSE:ADANIENT/,"{'pe': 18.867994, 'de_ratio': 177.767, 'roe': None}","{'price': 2086.800048828125, 's50': 2054.479997558594, 's200': 2307.356460571289, 'rsi': 59.152064391082824, 'macd_hist': 32.27700033405413}"
HDFCBANK.NS,810.3,2.5,5,1.5,5,0.42,Sell,https://in.tradingview.com/symbols/NSE:HDFCBANK/,"{'pe': 18.083015, 'de_ratio': None, 'roe': 0.14015001}","{'price': 810.2999877929688, 's50': 864.0239990234375, 's200': 952.4460650634766, 'rsi': 49.578111836812354, 'macd_hist': 8.87062813870817}"
HDFCLIFE.NS,604.15,2.5,5,1.5,5,0.42,Sell,https://in.tradingview.com/symbols/NSE:HDFCLIFE/,"{'pe': 68.966896, 'de_ratio': 17.607, 'roe': 0.11316}","{'price': 604.1500244140625, 's50': 670.255, 's200': 739.8712475585937, 'rsi': 42.112246877819075, 'macd_hist': 2.96431066708692}"
SUNPHARMA.NS,1654.9,2.0,5,2.0,5,0.4,Sell,https://in.tradingview.com/symbols/NSE:SUNPHARMA/,"{'pe': 36.363438, 'de_ratio': 6.675, 'roe': None}","{'price': 1654.9000244140625, 's50': 1729.5076806640625, 's200': 1688.8091522216796, 'rsi': 34.122175054781835, 'macd_hist': -12.268335408801054}"
KOTAKBANK.NS,374.55,2.0,5,1.5,5,0.36,Sell,https://in.tradingview.com/symbols/NSE:KOTAKBANK/,"{'pe': 19.80698, 'de_ratio': None, 'roe': None}","{'price': 374.54998779296875, 's50': 396.80799987792966, 's200': 414.060040435791, 'rsi': 47.77580992770467, 'macd_hist': 3.1111638032867717}"
SHREECEM.NS,24340.0,2.0,5,1.5,5,0.36,Sell,https://in.tradingview.com/symbols/NSE:SHREECEM/,"{'pe': 49.01921, 'de_ratio': 38.149, 'roe': None}","{'price': 24340.0, 's50': 25248.8, 's200': 27873.819345703127, 'rsi': 51.43878589495606, 'macd_hist': 213.13681017928275}"
CIPLA.NS,1229.5,2.0,5,1.5,5,0.36,Sell,https://in.tradingview.com/symbols/NSE:CIPLA/,"{'pe': 21.834488, 'de_ratio': 1.415, 'roe': None}","{'price': 1229.5, 's50': 1298.6260034179688, 's200': 1462.913829345703, 'rsi': 40.70458199734321, 'macd_hist': 2.275441110692963}"
M&M.NS,3259.8,2.0,5,1.5,5,0.36,Sell,https://in.tradingview.com/symbols/NSE:M&M/,"{'pe': 23.30926, 'de_ratio': 132.29, 'roe': None}","{'price': 3259.800048828125, 's50': 3305.794013671875, 's200': 3436.3266467285157, 'rsi': 54.84382960910651, 'macd_hist': 38.07062643442761}"
TECHM.NS,1440.2,2.0,5,1.5,5,0.36,Sell,https://in.tradingview.com/symbols/NSE:TECHM/,"{'pe': 27.621786, 'de_ratio': 6.992, 'roe': None}","{'price': 1440.199951171875, 's50': 1473.0920068359376, 's200': 1508.0809594726563, 'rsi': 53.16873423860814, 'macd_hist': 14.061765757926885}"
ULTRACEMCO.NS,11589.0,2.0,5,1.5,5,0.36,Sell,https://in.tradingview.com/symbols/NSE:ULTRACEMCO/,"{'pe': 44.595375, 'de_ratio': 33.192, 'roe': None}","{'price': 11589.0, 's50': 12011.76, 's200': 12093.515297851562, 'rsi': 53.29546138901556, 'macd_hist': 139.45001238873044}"
HINDUNILVR.NS,2155.3,2.0,5,1.5,5,0.36,Sell,https://in.tradingview.com/symbols/NSE:HINDUNILVR/,"{'pe': 49.99536, 'de_ratio': 3.611, 'roe': None}","{'price': 2155.300048828125, 's50': 2249.8339990234376, 's200': 2397.2975549316407, 'rsi': 49.80768458767211, 'macd_hist': 15.648851354391368}"
BHARTIARTL.NS,1870.0,2.0,5,1.5,5,0.36,Sell,https://in.tradingview.com/symbols/NSE:BHARTIARTL/,"{'pe': 36.767597, 'de_ratio': 117.095, 'roe': 0.23125}","{'price': 1870.0, 's50': 1906.8160107421875, 's200': 1973.2008013916015, 'rsi': 53.311995129256765, 'macd_hist': 13.006817751166786}"
DIVISLAB.NS,6116.5,2.0,5,1.5,5,0.36,Sell,https://in.tradingview.com/symbols/NSE:DIVISLAB/,"{'pe': 65.36119, 'de_ratio': 0.584, 'roe': None}","{'price': 6116.5, 's50': 6147.14, 's200': 6325.706059570312, 'rsi': 53.64418847452528, 'macd_hist': 8.449129512508819}"
MARUTI.NS,13709.0,2.0,5,1.5,5,0.36,Sell,https://in.tradingview.com/symbols/NSE:MARUTI/,"{'pe': 28.901821, 'de_ratio': 0.1, 'roe': None}","{'price': 13709.0, 's50': 14026.98, 's200': 14748.340073242187, 'rsi': 56.38952596245108, 'macd_hist': 218.7744862043403}"
ITC.NS,304.25,2.0,5,1.5,5,0.36,Sell,https://in.tradingview.com/symbols/NSE:ITC/,"{'pe': 18.723078, 'de_ratio': 0.507, 'roe': None}","{'price': 304.25, 's50': 309.71307495117185, 's200': 371.937307434082, 'rsi': 51.4724188232908, 'macd_hist': 1.974310073605813}"
INDUSINDBK.NS,830.9,1.0,5,2.5,5,0.32,Sell,https://in.tradingview.com/symbols/NSE:INDUSINDBK/,"{'pe': 17.352839, 'de_ratio': None, 'roe': None}","{'price': 830.9000244140625, 's50': 877.6470007324219, 's200': 832.0277508544922, 'rsi': 49.680855651148114, 'macd_hist': 6.807950157818784}"
BRITANNIA.NS,5557.5,1.5,5,1.5,5,0.3,Sell,https://in.tradingview.com/symbols/NSE:BRITANNIA/,"{'pe': 55.55278, 'de_ratio': 58.424, 'roe': None}","{'price': 5557.5, 's50': 5838.47, 's200': 5849.618850097656, 'rsi': 43.60780699818438, 'macd_hist': 5.638465521854329}"
UPL.NS,644.85,1.5,5,1.5,5,0.3,Sell,https://in.tradingview.com/symbols/NSE:UPL/,"{'pe': 30.765745, 'de_ratio': 79.613, 'roe': None}","{'price': 644.8499755859375, 's50': 664.2999963378907, 's200': 702.6421545410157, 'rsi': 54.1085136136329, 'macd_hist': 8.519104556955032}"
GRASIM.NS,2742.6,1.0,5,1.5,5,0.24,Sell,https://in.tradingview.com/symbols/NSE:GRASIM/,"{'pe': 41.14929, 'de_ratio': 126.634, 'roe': None}","{'price': 2742.60009765625, 's50': 2759.5219970703124, 's200': 2783.798524169922, 'rsi': 55.094317994545804, 'macd_hist': 24.358536039292197}"
BAJFINANCE.NS,924.55,1.0,5,1.5,5,0.24,Sell,https://in.tradingview.com/symbols/NSE:BAJFINANCE/,"{'pe': 31.94713, 'de_ratio': 310.294, 'roe': None}","{'price': 924.5499877929688, 's50': 930.2899963378907, 's200': 962.3879992675782, 'rsi': 56.22173030690824, 'macd_hist': 13.44499413057568}"
INDIGO.NS,4554.2,1.0,5,1.5,5,0.24,Sell,https://in.tradingview.com/symbols/NSE:INDIGO/,"{'pe': 54.9427, 'de_ratio': 866.462, 'roe': None}","{'price': 4554.2001953125, 's50': 4567.998012695312, 's200': 5335.49381225586, 'rsi': 55.17106226113434, 'macd_hist': 70.06971413016814}"
