SYMBOL,OPEN,HIGH,LOW,PREV. CLOSE,LTP,INDICATIVE CLOSE,CHANGE,% CHANGE,VOLUME (shares),VALUE (Crores),52W H,52W L,30 D %CHNG,365 D %CHNG
"NIFTY MIDCAP 100","62,335.75","62,461.25","62,249.75","62,428.05","62,451.10","-","23.05","0.04","20592357","355.30","63,183.35","52,032.85","-0.11","5.66"
"KALYANKJIL","573.90","575.95","568.00","574.40","570.55","-","-3.85","-0.67","871101","49.85","617.70","327.05","48.79","-3.31"
"YESBANK","23.65","23.65","22.95","23.61","23.07","-","-0.54","-2.29","10739712","25.02","25.78","17.20","-9.13","14.48"
"FEDERALBNK","341.50","347.90","341.50","349.00","347.30","-","-1.7","-0.49","613812","21.20","351.00","185.11","7.19","63.43"
"BSE","3,575.00","3,592.00","3,552.00","3,581.80","3,589.00","-","7.2","0.2","40393","14.44","4,446.80","2,021.50","-10.74","46.56"
"COFORGE","1,504.80","1,530.00","1,503.10","1,508.40","1,529.70","-","21.3","1.41","68924","10.46","1,989.70","1,008.10","4.51","-17.75"
"BHEL","422.40","424.35","421.30","422.00","422.65","-","0.65","0.15","243718","10.30","446.50","205.12","2.03","68.76"
"DIXON","14,300.00","14,300.00","14,165.00","14,329.00","14,227.00","-","-102","-0.71","6331","9.02","18,471.00","9,600.00","13.61","-10.9"
"PREMIERENE","1,063.00","1,063.00","1,030.00","1,086.20","1,043.10","-","-43.1","-3.97","77348","8.07","1,134.00","660.00","-3.3","-1.36"
"MCX","2,749.00","2,773.90","2,748.80","2,747.50","2,769.50","-","22","0.8","28995","8.00","3,480.00","1,460.80","-1.33","67.97"
"POLYCAB","8,847.00","8,850.00","8,794.00","8,862.00","8,808.50","-","-53.5","-0.6","8922","7.88","10,126.00","6,620.00","-12.57","27.28"
"HAVELLS","1,165.60","1,193.70","1,165.60","1,187.30","1,192.30","-","5","0.42","66239","7.81","1,621.10","1,123.60","1.36","-21.48"
"WAAREEENER","2,819.00","2,819.00","2,780.00","2,840.70","2,794.00","-","-46.7","-1.64","27553","7.70","3,865.00","2,403.00","-10.69","-10.59"
"POWERINDIA","32,190.00","32,190.00","31,915.00","32,075.00","31,950.00","-","-125","-0.39","2301","7.37","38,785.00","16,111.00","-13.31","67.6"
"OFSS","11,800.00","11,967.00","11,773.00","11,771.00","11,967.00","-","196","1.67","5976","7.11","11,967.00","6,234.50","24.16","36.14"
"HINDPETRO","396.30","396.75","392.70","400.40","396.40","-","-4","-1","169110","6.68","508.45","316.20","1.11","-7.93"
"NATIONALUM","340.60","348.65","340.55","339.90","348.45","-","8.55","2.52","191606","6.62","445.15","179.93","-7.31","85.35"
"OBEROIRLTY","1,865.00","1,865.10","1,841.00","1,894.80","1,859.50","-","-35.3","-1.86","30998","5.75","1,986.10","1,391.20","10.45","1.34"
"NMDC","83.75","84.62","83.27","83.22","84.44","-","1.22","1.47","674362","5.68","97.49","68.19","-4.5","18.2"
"GROWW","208.28","208.45","207.01","208.30","207.14","-","-1.16","-0.56","247043","5.14","227.20","112.00","3.72","0"
"PERSISTENT","5,183.90","5,238.00","5,180.00","5,183.90","5,233.30","-","49.4","0.95","9838","5.13","6,599.00","4,244.50","8.36","-5.68"
"PATANJALI","339.90","339.90","335.05","337.70","336.05","-","-1.65","-0.49","150630","5.09","653.93","328.20","-20.2","-48.01"
"BHARATFORG","2,194.70","2,195.30","2,182.60","2,190.50","2,189.30","-","-1.2","-0.05","22389","4.91","2,238.00","1,100.50","7.31","80.06"
"PAYTM","1,350.00","1,352.20","1,337.00","1,348.00","1,346.40","-","-1.6","-0.12","36201","4.87","1,407.00","930.60","23.34","34.24"
"SUZLON","52.07","52.07","51.71","51.99","51.84","-","-0.15","-0.29","901593","4.68","67.14","38.19","-12.43","-20.32"
"IDEA","13.71","13.71","13.66","13.74","13.67","-","-0.07","-0.51","3306535","4.53","15.34","6.12","-8.31","77.2"
"GVT&D","4,390.00","4,409.00","4,360.90","4,387.40","4,396.80","-","9.4","0.21","9723","4.26","5,650.00","2,325.00","-20.7","86.09"
"ATGL","711.00","717.10","709.15","706.60","710.00","-","3.4","0.48","58432","4.16","859.85","462.80","-2.2","8.85"
"SBICARD","658.00","658.00","651.50","654.70","652.20","-","-2.5","-0.38","63356","4.14","965.00","565.45","5.72","-27.1"
"EXIDEIND","435.00","436.10","433.70","435.20","435.50","-","0.3","0.07","88936","3.87","436.55","287.00","14.38","13.4"
"INDUSINDBK","1,029.00","1,031.95","1,023.40","1,027.20","1,030.60","-","3.4","0.33","36702","3.78","1,038.00","710.60","8.84","18.53"
"SWIGGY","275.99","276.28","274.40","276.87","274.46","-","-2.41","-0.87","132454","3.65","474.00","235.75","8.1","-29.36"
"AUBANK","1,036.00","1,038.60","1,030.70","1,030.20","1,035.00","-","4.8","0.47","29167","3.02","1,090.40","682.15","0.18","30.19"
"LAURUSLABS","1,534.90","1,544.50","1,527.20","1,529.80","1,544.50","-","14.7","0.96","19212","2.95","1,579.10","810.05","9.31","86.76"
"TATAELXSI","3,505.00","3,548.90","3,505.00","3,503.20","3,539.20","-","36","1.03","7953","2.80","6,321.50","3,469.70","-12.87","-42.55"
"BIOCON","440.40","440.40","436.05","437.20","440.40","-","3.2","0.73","57889","2.54","447.15","331.00","5.93","10.38"
"ASHOKLEY","154.46","154.46","153.51","155.23","154.26","-","-0.97","-0.62","163661","2.52","215.42","114.96","-1.58","26.13"
"360ONE","1,105.00","1,117.90","1,104.10","1,113.70","1,114.50","-","0.8","0.07","22507","2.50","1,236.20","906.05","-2.69","-7.31"
"ICICIGI","1,618.00","1,625.50","1,610.00","1,612.20","1,610.30","-","-1.9","-0.12","15251","2.46","2,064.90","1,544.60","-14","-15.92"
"MFSL","1,538.00","1,545.30","1,536.10","1,538.00","1,542.20","-","4.2","0.27","15445","2.38","1,892.50","1,433.60","-7.61","0.2"
"SAIL","162.90","164.82","162.26","163.04","164.58","-","1.54","0.94","129231","2.12","209.70","118.10","-8.59","20.62"
"IDFCFIRSTB","79.99","80.22","79.70","80.35","79.88","-","-0.47","-0.58","262310","2.10","87.00","58.08","1.54","9.3"
"OIL","438.25","441.60","437.15","435.35","441.15","-","5.8","1.33","47658","2.09","531.00","384.60","5.5","-1.51"
"KPITTECH","555.00","560.50","554.25","554.05","559.90","-","5.85","1.06","32602","1.82","1,328.00","543.00","-26.33","-56.04"
"HEROMOTOCO","4,908.00","4,925.00","4,900.00","4,909.90","4,919.90","-","10","0.2","3581","1.76","6,388.50","4,195.00","-1.11","11.9"
"INDIANB","832.40","837.70","830.55","832.40","837.25","-","4.85","0.58","20868","1.74","1,000.90","606.00","-3.36","33.13"
"PAGEIND","40,080.00","40,080.00","39,700.00","39,900.00","40,075.00","-","175","0.44","434","1.73","49,090.00","29,805.00","0.25","-14.26"
"KEI","4,870.00","4,886.50","4,861.50","4,906.50","4,870.00","-","-36.5","-0.74","3539","1.72","5,708.00","3,712.20","-13.51","23.96"
"NYKAA","322.40","325.80","322.40","323.05","325.75","-","2.7","0.84","48749","1.58","332.15","200.14","7.76","53.03"
"LUPIN","2,431.20","2,457.60","2,424.00","2,443.20","2,457.60","-","14.4","0.59","6412","1.57","2,529.50","1,836.80","4.51","27.19"
"ASTRAL","1,368.00","1,380.80","1,367.80","1,377.80","1,380.50","-","2.7","0.2","10897","1.50","1,768.70","1,263.70","-10.65","-8.56"
"LTF","307.05","308.25","305.70","310.05","306.30","-","-3.75","-1.21","47166","1.45","338.60","194.40","6.91","50.78"
"ABCAPITAL","400.95","401.10","399.00","401.55","400.85","-","-0.7","-0.17","34727","1.39","410.70","243.00","6.68","51.69"
"LENSKART","536.85","543.35","536.00","537.20","540.45","-","3.25","0.6","25331","1.37","563.00","356.10","5.57","0"
"NAUKRI","1,185.00","1,193.25","1,182.25","1,187.25","1,191.70","-","4.45","0.37","11395","1.35","1,485.00","908.30","21.08","-12.68"
"GLENMARK","2,235.00","2,252.80","2,232.50","2,235.50","2,252.80","-","17.3","0.77","5803","1.30","2,474.00","1,792.60","1.77","1.23"
"MPHASIS","2,402.10","2,418.90","2,398.00","2,394.20","2,416.40","-","22.2","0.93","5235","1.26","3,037.20","2,013.00","6.57","-14.7"
"BANKINDIA","143.00","144.00","142.66","143.17","144.00","-","0.83","0.58","79830","1.14","178.36","108.81","-1.46","25.57"
"AUROPHARMA","1,533.40","1,552.00","1,533.40","1,533.40","1,550.90","-","17.5","1.14","7370","1.14","1,636.80","1,016.10","3.49","36.02"
"MRF","1,30,550.00","1,31,390.00","1,30,500.00","1,30,695.00","1,31,390.00","-","695","0.53","83","1.09","1,63,600.00","1,22,000.00","2.13","-11.26"
"COCHINSHIP","1,401.00","1,401.00","1,392.90","1,402.20","1,398.40","-","-3.8","-0.27","7568","1.06","1,979.90","1,187.00","-4.09","-25.11"
"ICICIAMC","3,196.00","3,196.00","3,153.90","3,182.80","3,164.60","-","-18.2","-0.57","3201","1.02","3,611.00","2,530.00","-7.71","0"
"RADICO","4,107.50","4,109.00","4,088.00","4,097.90","4,098.90","-","1","0.02","2462","1.01","4,161.80","2,500.00","8.75","50.79"
"PHOENIXLTD","2,080.00","2,081.60","2,052.10","2,075.80","2,066.80","-","-9","-0.43","4698","0.97","2,169.80","1,402.50","9.87","39.05"
"MARICO","839.50","843.20","837.20","844.00","841.55","-","-2.45","-0.29","11373","0.96","873.00","690.20","3","16.85"
"RVNL","225.44","225.44","224.49","225.44","225.15","-","-0.29","-0.13","42255","0.95","400.70","221.55","-7.72","-40.12"
"GODREJPROP","2,090.00","2,090.00","2,075.10","2,102.10","2,082.90","-","-19.2","-0.91","4471","0.93","2,407.90","1,434.00","15.98","-11.95"
"SUPREMEIND","3,433.70","3,467.00","3,424.80","3,433.70","3,464.60","-","30.9","0.9","2690","0.93","4,664.90","3,140.00","-1.73","-17.83"
"GMRAIRPORT","110.29","111.00","110.29","110.54","110.76","-","0.22","0.2","78682","0.87","115.64","84.11","1.65","17.29"
"POLICYBZR","1,576.00","1,580.00","1,569.40","1,574.00","1,575.20","-","1.2","0.08","5383","0.85","1,974.00","1,364.00","-3.76","-10.62"
"IREDA","120.50","120.95","120.40","121.64","120.78","-","-0.86","-0.71","69448","0.84","163.35","108.65","-5.01","-23.26"
"APLAPOLLO","1,795.40","1,798.10","1,789.30","1,795.40","1,793.40","-","-2","-0.11","4623","0.83","2,301.40","1,492.00","-4.01","7.81"
"TATACOMM","1,815.00","1,835.50","1,815.00","1,817.10","1,834.20","-","17.1","0.94","4465","0.82","2,110.00","1,322.50","-7.77","3.99"
"NHPC","79.00","79.00","78.63","79.20","78.98","-","-0.22","-0.28","98350","0.78","89.22","71.62","4.17","-9.25"
"IRCTC","507.00","507.00","501.60","507.00","501.95","-","-5.05","-1","14199","0.72","781.90","492.65","-3.31","-34.35"
"JUBLFOOD","418.45","419.00","417.00","417.15","418.50","-","1.35","0.32","16357","0.68","695.50","408.80","-0.12","-38.62"
"GODFRYPHLP","2,104.00","2,104.00","2,090.90","2,109.90","2,099.90","-","-10","-0.47","3258","0.68","3,947.00","1,832.10","-7.53","-32.66"
"TIINDIA","2,892.00","2,892.00","2,856.00","2,888.60","2,862.60","-","-26","-0.9","2325","0.67","3,419.90","2,164.90","-12.87","-1.93"
"CONCOR","490.00","490.00","485.05","486.90","487.35","-","0.45","0.09","13619","0.66","625.00","421.45","3.5","-20.38"
"UPL","613.50","613.80","611.75","616.60","612.50","-","-4.1","-0.66","10416","0.64","812.20","563.15","0.68","-10.78"
"JSWENERGY","540.55","540.90","539.30","541.20","540.55","-","-0.65","-0.12","11797","0.64","617.35","427.75","-5.04","2.06"
"MOTILALOFS","972.00","972.00","962.70","967.10","962.85","-","-4.25","-0.44","6455","0.63","1,097.10","614.90","0.99","5.62"
"ALKEM","5,595.00","5,595.00","5,564.00","5,563.00","5,588.00","-","25","0.45","1104","0.62","5,933.50","4,738.50","4.22","12.03"
"VOLTAS","1,328.50","1,339.00","1,327.10","1,342.40","1,338.20","-","-4.2","-0.31","4588","0.61","1,582.50","1,186.80","-0.39","-2.82"
"PIIND","2,632.00","2,652.90","2,629.80","2,623.80","2,643.60","-","19.8","0.75","2114","0.56","4,330.00","2,527.00","-5.71","-35.85"
"BDL","1,254.30","1,257.10","1,250.10","1,254.80","1,255.50","-","0.7","0.06","4450","0.56","1,814.90","1,086.00","-8.58","-24.89"
"VMM","110.25","110.27","109.80","110.33","109.94","-","-0.39","-0.35","49902","0.55","157.60","98.77","-7.35","-20.37"
"PRESTIGE","1,690.70","1,691.40","1,677.60","1,693.00","1,678.80","-","-14.2","-0.84","3041","0.51","1,814.00","1,090.00","12.12","-5.8"
"BLUESTARCO","1,674.90","1,681.80","1,669.70","1,686.90","1,679.50","-","-7.4","-0.44","3021","0.51","2,040.00","1,450.00","0.74","-8.93"
"SRF","2,869.90","2,871.80","2,853.60","2,874.70","2,856.80","-","-17.9","-0.62","1730","0.50","3,260.40","2,355.00","5.42","-10.36"
"FORTIS","950.20","952.65","949.05","952.45","952.65","-","0.2","0.02","4506","0.43","1,104.30","766.80","-1.03","19.35"
"INDUSTOWER","401.55","404.85","401.55","403.50","403.70","-","0.2","0.05","10534","0.42","481.50","312.55","-1.74","0.16"
"COLPAL","2,040.00","2,042.40","2,031.20","2,042.40","2,039.10","-","-3.3","-0.16","1701","0.35","2,504.00","1,782.00","2.07","-14.83"
"MANKIND","2,489.50","2,506.30","2,486.90","2,484.20","2,501.50","-","17.3","0.7","1376","0.34","2,694.90","1,909.70","3.62","-5.69"
"M&MFIN","325.00","325.00","321.20","324.20","322.35","-","-1.85","-0.57","10495","0.34","412.20","246.35","9.61","24.05"
"HUDCO","202.93","203.00","201.66","202.93","202.00","-","-0.93","-0.46","16664","0.34","246.85","159.00","-3.15","-10.65"
"DABUR","427.20","427.20","425.80","427.20","427.20","-","0","0","6883","0.29","577.00","403.35","0.8","-18.31"
"LGEINDIA","1,572.00","1,575.00","1,566.90","1,581.80","1,572.20","-","-9.6","-0.61","1792","0.28","1,749.00","1,304.10","-4.59","0"
"COROMANDEL","2,022.20","2,028.20","2,022.20","2,034.30","2,023.00","-","-11.3","-0.56","800","0.16","2,718.90","1,706.50","0.39","-12.46"
"LICHSGFIN","548.00","549.45","547.60","549.90","548.20","-","-1.7","-0.31","2444","0.13","646.50","458.90","-0.31","-12.74"
"TATAINVEST","662.30","664.85","660.65","662.30","660.65","-","-1.65","-0.25","1578","0.10","1,184.70","538.85","-4.39","1"